{
  "continents": [
    {
      "name": "Europa",
      "countries": [
        {
          "name": "Austria",
          "cities": [
            {
              "name": "Viena",
              "alojamientos": [
                {
                  "nombre": "Hotel Imperial",
                  "tipo": "hotel",
                  "rating": "Excelente",
                  "puntuacion": 9.1,
                  "valoraciones": 320,
                  "precio": 420,
                  "moneda": "EUR",
                  "imagen": "imagenes/hotel-1.jpg",
                  "direccion": "Ringstrasse 10, Viena",
                  "descripcion": "El Hotel Imperial es un emblemático establecimiento de lujo situado en el corazón de Viena, a pocos pasos de la famosa Ringstrasse. Con una elegancia clásica que combina la historia imperial austriaca con comodidades modernas, ofrece habitaciones espaciosas y decoradas con gusto refinado. Los huéspedes pueden disfrutar de servicios de primera clase, como WiFi de alta velocidad, un exclusivo spa y un desayuno incluido con productos locales frescos. Su ubicación privilegiada permite acceder fácilmente a los principales museos, teatros y boutiques de la ciudad, haciendo que la estancia sea perfecta tanto para viajeros de negocios como para turistas que buscan sumergirse en la cultura vienesa.",
                  "coordenadas": { "lat": 48.2082, "lng": 16.3738 },
                  "servicios": ["WiFi", "Spa", "Desayuno incluido"]
                },
                {
                  "nombre": "Hostal Mozart",
                  "tipo": "hostal",
                  "rating": "Bueno",
                  "puntuacion": 7.4,
                  "valoraciones": 120,
                  "precio": 180,
                  "moneda": "EUR",
                  "imagen": "imagenes/hotel-2.jpg",
                  "direccion": "Mariahilfer Strasse 50, Viena",
                  "coordenadas": { "lat": 48.2100, "lng": 16.3600 },
                  "servicios": ["WiFi"]
                }
              ]
            }
          ]
        },
        {
          "name": "Bélgica",
          "cities": [
            {
              "name": "Brujas",
              "alojamientos": [
                {
                  "nombre": "Hotel Markt",
                  "tipo": "hotel",
                  "rating": "Muy bueno",
                  "puntuacion": 8.7,
                  "valoraciones": 190,
                  "precio": 260,
                  "moneda": "EUR",
                  "imagen": "imagenes/hotel-3.jpg",
                  "direccion": "Plaza Markt 1, Brujas",
                  "coordenadas": { "lat": 51.2093, "lng": 3.2247 },
                  "servicios": ["WiFi", "Desayuno incluido", "Parking"]
                },
                {
                  "nombre": "Hostal Canales",
                  "tipo": "hostal",
                  "rating": "Bueno",
                  "puntuacion": 7.5,
                  "valoraciones": 85,
                  "precio": 140,
                  "moneda": "EUR",
                  "imagen": "imagenes/hotel-4.jpg",
                  "direccion": "Calle del Rosario 12, Brujas",
                  "coordenadas": { "lat": 51.2080, "lng": 3.2260 },
                  "servicios": ["WiFi"]
                }
              ]
            }
          ]
        },
        {
          "name": "Dinamarca",
          "cities": [
            {
              "name": "Copenhague",
              "alojamientos": [
                {
                  "nombre": "Hotel Nyhavn",
                  "tipo": "hotel",
                  "rating": "Excelente",
                  "puntuacion": 9.0,
                  "valoraciones": 250,
                  "precio": 350,
                  "moneda": "EUR",
                  "imagen": "imagenes/hotel-5.jpg",
                  "direccion": "Nyhavn 20, Copenhague",
                  "coordenadas": { "lat": 55.6761, "lng": 12.5683 },
                  "servicios": ["WiFi", "Restaurante", "Spa"]
                },
                {
                  "nombre": "Hostal Tivoli",
                  "tipo": "hostal",
                  "rating": "Bueno",
                  "puntuacion": 7.6,
                  "valoraciones": 95,
                  "precio": 160,
                  "moneda": "EUR",
                  "imagen": "imagenes/hotel-1.jpg",
                  "direccion": "Vesterbrogade 3, Copenhague",
                  "coordenadas": { "lat": 55.6750, "lng": 12.5650 },
                  "servicios": ["WiFi"]
                }
              ]
            }
          ]
        },
        {
          "name": "Eslovenia",
          "cities": [
            {
              "name": "Liubliana",
              "alojamientos": [
                {
                  "nombre": "Hotel Castillo",
                  "tipo": "hotel",
                  "rating": "Muy bueno",
                  "puntuacion": 8.4,
                  "valoraciones": 130,
                  "precio": 220,
                  "moneda": "EUR",
                  "imagen": "imagenes/hotel-2.jpg",
                  "direccion": "Calle del Castillo 5, Liubliana",
                  "coordenadas": { "lat": 46.0569, "lng": 14.5058 },
                  "servicios": ["WiFi", "Desayuno incluido"]
                },
                {
                  "nombre": "Hostal Río",
                  "tipo": "hostal",
                  "rating": "Decente",
                  "puntuacion": 6.8,
                  "valoraciones": 60,
                  "precio": 120,
                  "moneda": "EUR",
                  "imagen": "imagenes/hotel-3.jpg",
                  "direccion": "Riverside 12, Liubliana",
                  "coordenadas": { "lat": 46.0575, "lng": 14.5080 },
                  "servicios": ["WiFi"]
                }
              ]
            }
          ]
        },
        {
          "name": "España",
          "cities": [
            {
              "name": "Barcelona",
              "alojamientos": [
                {
                  "nombre": "Hotel Mediterráneo",
                  "tipo": "hotel",
                  "rating": "Muy bueno",
                  "puntuacion": 8.5,
                  "valoraciones": 210,
                  "precio": 280,
                  "moneda": "EUR",
                  "imagen": "imagenes/hotel-4.jpg",
                  "direccion": "Passeig de Gràcia 100, Barcelona",
                  "coordenadas": { "lat": 41.3851, "lng": 2.1734 },
                  "servicios": ["WiFi", "Parking", "Restaurante"]
                },
                {
                  "nombre": "Hostal Born",
                  "tipo": "hostal",
                  "rating": "Bueno",
                  "puntuacion": 7.3,
                  "valoraciones": 95,
                  "precio": 140,
                  "moneda": "EUR",
                  "imagen": "imagenes/hotel-5.jpg",
                  "direccion": "Carrer del Rec 25, Barcelona",
                  "coordenadas": { "lat": 41.3870, "lng": 2.1800 },
                  "servicios": ["WiFi"]
                }
              ]
            },
            {
              "name": "Sevilla",
              "alojamientos": [
                {
                  "nombre": "Hotel Giralda",
                  "tipo": "hotel",
                  "rating": "Muy bueno",
                  "puntuacion": 8.2,
                  "valoraciones": 150,
                  "precio": 240,
                  "moneda": "EUR",
                  "imagen": "imagenes/hotel-1.jpg",
                  "direccion": "Calle Mateos Gago 15, Sevilla",
                  "coordenadas": { "lat": 37.3861, "lng": -5.9929 },
                  "servicios": ["WiFi", "Desayuno incluido"]
                },
                {
                  "nombre": "Hostal Santa Cruz",
                  "tipo": "hostal",
                  "rating": "Bueno",
                  "puntuacion": 7.1,
                  "valoraciones": 80,
                  "precio": 120,
                  "moneda": "EUR",
                  "imagen": "imagenes/hotel-2.jpg",
                  "direccion": "Barrio Santa Cruz, Sevilla",
                  "coordenadas": { "lat": 37.3865, "lng": -5.9910 },
                  "servicios": ["WiFi"]
                }
              ]
            }
          ]
        },
        {
          "name": "Estonia",
          "cities": [
            {
              "name": "Tallin",
              "alojamientos": [
                {
                  "nombre": "Hotel Toompea",
                  "tipo": "hotel",
                  "rating": "Muy bueno",
                  "puntuacion": 8.3,
                  "valoraciones": 110,
                  "precio": 200,
                  "moneda": "EUR",
                  "imagen": "imagenes/hotel-3.jpg",
                  "direccion": "Toompea Hill 8, Tallin",
                  "coordenadas": { "lat": 59.4370, "lng": 24.7536 },
                  "servicios": ["WiFi", "Desayuno incluido"]
                },
                {
                  "nombre": "Hostal Medieval",
                  "tipo": "hostal",
                  "rating": "Decente",
                  "puntuacion": 6.9,
                  "valoraciones": 70,
                  "precio": 110,
                  "moneda": "EUR",
                  "imagen": "imagenes/hotel-4.jpg",
                  "direccion": "Old Town 15, Tallin",
                  "coordenadas": { "lat": 59.4365, "lng": 24.7520 },
                  "servicios": ["WiFi"]
                }
              ]
            }
          ]
        },
        {
          "name": "Francia",
          "cities": [
            {
              "name": "París",
              "alojamientos": [
                {
                  "nombre": "Hotel Eiffel",
                  "tipo": "hotel",
                  "rating": "Excelente",
                  "puntuacion": 9.2,
                  "valoraciones": 500,
                  "precio": 450,
                  "moneda": "EUR",
                  "imagen": "imagenes/hotel-5.jpg",
                  "direccion": "Rue de Rivoli 100, París",
                  "coordenadas": { "lat": 48.8566, "lng": 2.3522 },
                  "servicios": ["WiFi", "Restaurante", "Vistas a la Torre Eiffel"]
                },
                {
                  "nombre": "Hostal Montmartre",
                  "tipo": "hostal",
                  "rating": "Bueno",
                  "puntuacion": 7.4,
                  "valoraciones": 130,
                  "precio": 160,
                  "moneda": "EUR",
                  "imagen": "imagenes/hotel-1.jpg",
                  "direccion": "Rue Lepic 25, París",
                  "coordenadas": { "lat": 48.8867, "lng": 2.3431 },
                  "servicios": ["WiFi"]
                }
              ]
            }
          ]
        },
        {
          "name": "Hungría",
          "cities": [
            {
              "name": "Budapest",
              "alojamientos": [
                {
                  "nombre": "Hotel Danubio",
                  "tipo": "hotel",
                  "rating": "Muy bueno",
                  "puntuacion": 8.6,
                  "valoraciones": 210,
                  "precio": 230,
                  "moneda": "EUR",
                  "imagen": "imagenes/hotel-2.jpg",
                  "direccion": "Danube Promenade, Budapest",
                  "coordenadas": { "lat": 47.4979, "lng": 19.0402 },
                  "servicios": ["WiFi", "Spa", "Desayuno incluido"]
                },
                {
                  "nombre": "Hostal Puente de las Cadenas",
                  "tipo": "hostal",
                  "rating": "Bueno",
                  "puntuacion": 7.2,
                  "valoraciones": 90,
                  "precio": 100,
                  "moneda": "EUR",
                  "imagen": "imagenes/hotel-3.jpg",
                  "direccion": "Széchenyi Lánchíd 3, Budapest",
                  "coordenadas": { "lat": 47.4986, "lng": 19.0450 },
                  "servicios": ["WiFi"]
                }
              ]
            }
          ]
        },
        {
          "name": "Italia",
          "cities": [
            {
              "name": "Florencia",
              "alojamientos": [
                {
                  "nombre": "Hotel Duomo",
                  "tipo": "hotel",
                  "rating": "Excelente",
                  "puntuacion": 9.0,
                  "valoraciones": 320,
                  "precio": 300,
                  "moneda": "EUR",
                  "imagen": "imagenes/hotel-4.jpg",
                  "direccion": "Piazza del Duomo 1, Florencia",
                  "coordenadas": { "lat": 43.7731, "lng": 11.2556 },
                  "servicios": ["WiFi", "Desayuno incluido"]
                },
                {
                  "nombre": "Hostal Oltrarno",
                  "tipo": "hostal",
                  "rating": "Bueno",
                  "puntuacion": 7.3,
                  "valoraciones": 100,
                  "precio": 120,
                  "moneda": "EUR",
                  "imagen": "imagenes/hotel-5.jpg",
                  "direccion": "Via dei Serragli 20, Florencia",
                  "coordenadas": { "lat": 43.7696, "lng": 11.2460 },
                  "servicios": ["WiFi"]
                }
              ]
            },
            {
              "name": "Roma",
              "alojamientos": [
                {
                  "nombre": "Hotel Panteón",
                  "tipo": "hotel",
                  "rating": "Excelente",
                  "puntuacion": 9.1,
                  "valoraciones": 410,
                  "precio": 340,
                  "moneda": "EUR",
                  "imagen": "imagenes/hotel-1.jpg",
                  "direccion": "Piazza della Rotonda 5, Roma",
                  "coordenadas": { "lat": 41.8986, "lng": 12.4769 },
                  "servicios": ["WiFi", "Restaurante"]
                },
                {
                  "nombre": "Hostal Trevi",
                  "tipo": "hostal",
                  "rating": "Bueno",
                  "puntuacion": 7.0,
                  "valoraciones": 140,
                  "precio": 130,
                  "moneda": "EUR",
                  "imagen": "imagenes/hotel-2.jpg",
                  "direccion": "Via del Lavatore 50, Roma",
                  "coordenadas": { "lat": 41.9009, "lng": 12.4833 },
                  "servicios": ["WiFi"]
                }
              ]
            },
            {
              "name": "Venecia",
              "alojamientos": [
                {
                  "nombre": "Hotel San Marcos",
                  "tipo": "hotel",
                  "rating": "Muy bueno",
                  "puntuacion": 8.4,
                  "valoraciones": 260,
                  "precio": 310,
                  "moneda": "EUR",
                  "imagen": "imagenes/hotel-3.jpg",
                  "direccion": "Piazza San Marco, Venecia",
                  "coordenadas": { "lat": 45.4340, "lng": 12.3380 },
                  "servicios": ["WiFi", "Desayuno incluido"]
                },
                {
                  "nombre": "Hostal Puente Rialto",
                  "tipo": "hostal",
                  "rating": "Decente",
                  "puntuacion": 6.9,
                  "valoraciones": 85,
                  "precio": 140,
                  "moneda": "EUR",
                  "imagen": "imagenes/hotel-4.jpg",
                  "direccion": "Sestiere San Polo, Venecia",
                  "coordenadas": { "lat": 45.4370, "lng": 12.3350 },
                  "servicios": ["WiFi"]
                }
              ]
            }
          ]
        },
        {
          "name": "Malta",
          "cities": [
            {
              "name": "La Valeta",
              "alojamientos": [
                {
                  "nombre": "Hotel Gran Puerto",
                  "tipo": "hotel",
                  "rating": "Muy bueno",
                  "puntuacion": 8.3,
                  "valoraciones": 180,
                  "precio": 220,
                  "moneda": "EUR",
                  "imagen": "imagenes/hotel-5.jpg",
                  "direccion": "Triq ir-Repubblika 12, La Valeta",
                  "coordenadas": { "lat": 35.8989, "lng": 14.5146 },
                  "servicios": ["WiFi", "Restaurante"]
                },
                {
                  "nombre": "Hostal Barakka",
                  "tipo": "hostal",
                  "rating": "Bueno",
                  "puntuacion": 7.2,
                  "valoraciones": 70,
                  "precio": 95,
                  "moneda": "EUR",
                  "imagen": "imagenes/hotel-1.jpg",
                  "direccion": "Upper Barrakka Gardens, La Valeta",
                  "coordenadas": { "lat": 35.8960, "lng": 14.5110 },
                  "servicios": ["WiFi"]
                }
              ]
            }
          ]
        },
        {
          "name": "Noruega",
          "cities": [
            {
              "name": "Bergen",
              "alojamientos": [
                {
                  "nombre": "Hotel Bryggen",
                  "tipo": "hotel",
                  "rating": "Muy bueno",
                  "puntuacion": 8.5,
                  "valoraciones": 200,
                  "precio": 260,
                  "moneda": "EUR",
                  "imagen": "imagenes/hotel-2.jpg",
                  "direccion": "Bryggen Wharf, Bergen",
                  "coordenadas": { "lat": 60.3971, "lng": 5.3243 },
                  "servicios": ["WiFi", "Desayuno incluido"]
                },
                {
                  "nombre": "Hostal Fiordo",
                  "tipo": "hostal",
                  "rating": "Bueno",
                  "puntuacion": 7.0,
                  "valoraciones": 90,
                  "precio": 110,
                  "moneda": "EUR",
                  "imagen": "imagenes/hotel-3.jpg",
                  "direccion": "Nordnes, Bergen",
                  "coordenadas": { "lat": 60.3950, "lng": 5.3170 },
                  "servicios": ["WiFi"]
                }
              ]
            }
          ]
        },
        {
          "name": "Países Bajos",
          "cities": [
            {
              "name": "Ámsterdam",
              "alojamientos": [
                {
                  "nombre": "Hotel Canal Ring",
                  "tipo": "hotel",
                  "rating": "Excelente",
                  "puntuacion": 9.0,
                  "valoraciones": 300,
                  "precio": 320,
                  "moneda": "EUR",
                  "imagen": "imagenes/hotel-4.jpg",
                  "direccion": "Herengracht 200, Ámsterdam",
                  "coordenadas": { "lat": 52.3702, "lng": 4.8952 },
                  "servicios": ["WiFi", "Restaurante"]
                },
                {
                  "nombre": "Hostal Jordaan",
                  "tipo": "hostal",
                  "rating": "Bueno",
                  "puntuacion": 7.2,
                  "valoraciones": 110,
                  "precio": 120,
                  "moneda": "EUR",
                  "imagen": "imagenes/hotel-5.jpg",
                  "direccion": "Jordaan, Ámsterdam",
                  "coordenadas": { "lat": 52.3730, "lng": 4.8820 },
                  "servicios": ["WiFi"]
                }
              ]
            }
          ]
        },
        {
          "name": "Portugal",
          "cities": [
            {
              "name": "Oporto",
              "alojamientos": [
                {
                  "nombre": "Hotel Ribeira",
                  "tipo": "hotel",
                  "rating": "Muy bueno",
                  "puntuacion": 8.4,
                  "valoraciones": 170,
                  "precio": 210,
                  "moneda": "EUR",
                  "imagen": "imagenes/hotel-1.jpg",
                  "direccion": "Praça da Ribeira, Oporto",
                  "coordenadas": { "lat": 41.1413, "lng": -8.6110 },
                  "servicios": ["WiFi", "Desayuno incluido"]
                },
                {
                  "nombre": "Hostal Gaia",
                  "tipo": "hostal",
                  "rating": "Decente",
                  "puntuacion": 6.8,
                  "valoraciones": 75,
                  "precio": 85,
                  "moneda": "EUR",
                  "imagen": "imagenes/hotel-2.jpg",
                  "direccion": "Vila Nova de Gaia, Oporto",
                  "coordenadas": { "lat": 41.1330, "lng": -8.6170 },
                  "servicios": ["WiFi"]
                }
              ]
            }
          ]
        },
        {
          "name": "Reino Unido",
          "cities": [
            {
              "name": "Londres",
              "alojamientos": [
                {
                  "nombre": "Hotel Thames View",
                  "tipo": "hotel",
                  "rating": "Excelente",
                  "puntuacion": 9.1,
                  "valoraciones": 420,
                  "precio": 380,
                  "moneda": "EUR",
                  "imagen": "imagenes/hotel-3.jpg",
                  "direccion": "South Bank, Londres",
                  "coordenadas": { "lat": 51.5074, "lng": -0.1278 },
                  "servicios": ["WiFi", "Restaurante"]
                },
                {
                  "nombre": "Hostal Camden",
                  "tipo": "hostal",
                  "rating": "Bueno",
                  "puntuacion": 7.4,
                  "valoraciones": 160,
                  "precio": 130,
                  "moneda": "EUR",
                  "imagen": "imagenes/hotel-4.jpg",
                  "direccion": "Camden Town, Londres",
                  "coordenadas": { "lat": 51.5390, "lng": -0.1420 },
                  "servicios": ["WiFi"]
                }
              ]
            },
            {
              "name": "Edimburgo",
              "alojamientos": [
                {
                  "nombre": "Hotel Royal Mile",
                  "tipo": "hotel",
                  "rating": "Muy bueno",
                  "puntuacion": 8.6,
                  "valoraciones": 230,
                  "precio": 270,
                  "moneda": "EUR",
                  "imagen": "imagenes/hotel-5.jpg",
                  "direccion": "Royal Mile, Edimburgo",
                  "coordenadas": { "lat": 55.9497, "lng": -3.1910 },
                  "servicios": ["WiFi", "Desayuno incluido"]
                },
                {
                  "nombre": "Hostal Calton Hill",
                  "tipo": "hostal",
                  "rating": "Bueno",
                  "puntuacion": 7.1,
                  "valoraciones": 90,
                  "precio": 115,
                  "moneda": "EUR",
                  "imagen": "imagenes/hotel-1.jpg",
                  "direccion": "Calton Hill, Edimburgo",
                  "coordenadas": { "lat": 55.9550, "lng": -3.1820 },
                  "servicios": ["WiFi"]
                }
              ]
            }
          ]
        },
        {
          "name": "República Checa",
          "cities": [
            {
              "name": "Praga",
              "alojamientos": [
                {
                  "nombre": "Hotel Puente de Carlos",
                  "tipo": "hotel",
                  "rating": "Excelente",
                  "puntuacion": 9.0,
                  "valoraciones": 310,
                  "precio": 290,
                  "moneda": "EUR",
                  "imagen": "imagenes/hotel-2.jpg",
                  "direccion": "Karlův most, Praga",
                  "coordenadas": { "lat": 50.0865, "lng": 14.4114 },
                  "servicios": ["WiFi", "Restaurante"]
                },
                {
                  "nombre": "Hostal Malá Strana",
                  "tipo": "hostal",
                  "rating": "Bueno",
                  "puntuacion": 7.2,
                  "valoraciones": 120,
                  "precio": 105,
                  "moneda": "EUR",
                  "imagen": "imagenes/hotel-3.jpg",
                  "direccion": "Malá Strana, Praga",
                  "coordenadas": { "lat": 50.0860, "lng": 14.4040 },
                  "servicios": ["WiFi"]
                }
              ]
            }
          ]
        },
        {
          "name": "Suiza",
          "cities": [
            {
              "name": "Lucerna",
              "alojamientos": [
                {
                  "nombre": "Hotel Kapellbrücke",
                  "tipo": "hotel",
                  "rating": "Muy bueno",
                  "puntuacion": 8.5,
                  "valoraciones": 190,
                  "precio": 280,
                  "moneda": "EUR",
                  "imagen": "imagenes/hotel-4.jpg",
                  "direccion": "Kapellbrücke, Lucerna",
                  "coordenadas": { "lat": 47.0510, "lng": 8.3070 },
                  "servicios": ["WiFi", "Desayuno incluido"]
                },
                {
                  "nombre": "Hostal Lago de los Cuatro Cantones",
                  "tipo": "hostal",
                  "rating": "Bueno",
                  "puntuacion": 7.0,
                  "valoraciones": 80,
                  "precio": 120,
                  "moneda": "EUR",
                  "imagen": "imagenes/hotel-5.jpg",
                  "direccion": "Seebrücke, Lucerna",
                  "coordenadas": { "lat": 47.0525, "lng": 8.3110 },
                  "servicios": ["WiFi"]
                }
              ]
            },
            {
              "name": "Zúrich",
              "alojamientos": [
                {
                  "nombre": "Hotel Limmatquai",
                  "tipo": "hotel",
                  "rating": "Muy bueno",
                  "puntuacion": 8.4,
                  "valoraciones": 220,
                  "precio": 300,
                  "moneda": "EUR",
                  "imagen": "imagenes/hotel-1.jpg",
                  "direccion": "Limmatquai 90, Zúrich",
                  "coordenadas": { "lat": 47.3720, "lng": 8.5420 },
                  "servicios": ["WiFi", "Restaurante"]
                },
                {
                  "nombre": "Hostal Altstadt",
                  "tipo": "hostal",
                  "rating": "Bueno",
                  "puntuacion": 7.1,
                  "valoraciones": 95,
                  "precio": 130,
                  "moneda": "EUR",
                  "imagen": "imagenes/hotel-2.jpg",
                  "direccion": "Neumarkt, Zúrich",
                  "coordenadas": { "lat": 47.3735, "lng": 8.5450 },
                  "servicios": ["WiFi"]
                }
              ]
            }
          ]
        },
        {
          "name": "Islandia",
          "cities": [
            {
              "name": "Reikiavik",
              "alojamientos": [
                {
                  "nombre": "Hotel Harpa",
                  "tipo": "hotel",
                  "rating": "Muy bueno",
                  "puntuacion": 8.3,
                  "valoraciones": 160,
                  "precio": 260,
                  "moneda": "EUR",
                  "imagen": "imagenes/hotel-3.jpg",
                  "direccion": "Harpa Concert Hall, Reikiavik",
                  "coordenadas": { "lat": 64.1500, "lng": -21.9320 },
                  "servicios": ["WiFi", "Desayuno incluido"]
                },
                {
                  "nombre": "Hostal Laugavegur",
                  "tipo": "hostal",
                  "rating": "Bueno",
                  "puntuacion": 7.0,
                  "valoraciones": 85,
                  "precio": 120,
                  "moneda": "EUR",
                  "imagen": "imagenes/hotel-4.jpg",
                  "direccion": "Laugavegur 50, Reikiavik",
                  "coordenadas": { "lat": 64.1410, "lng": -21.9130 },
                  "servicios": ["WiFi"]
                }
              ]
            }
          ]
        }
      ]
    },
    {
      "name": "Asia",
      "countries": [
        {
          "name": "China",
          "cities": [
            {
              "name": "Beijing",
              "alojamientos": [
                {
                  "nombre": "Hotel Ciudad Prohibida",
                  "tipo": "hotel",
                  "rating": "Excelente",
                  "puntuacion": 9.0,
                  "valoraciones": 300,
                  "precio": 280,
                  "moneda": "CNY",
                  "imagen": "imagenes/hotel-5l.jpg",
                  "direccion": "Dongcheng, Beijing",
                  "coordenadas": { "lat": 39.9042, "lng": 116.4074 },
                  "servicios": ["WiFi", "Restaurante"]
                },
                {
                  "nombre": "Hostal Hutong",
                  "tipo": "hostal",
                  "rating": "Bueno",
                  "puntuacion": 7.2,
                  "valoraciones": 120,
                  "precio": 90,
                  "moneda": "CNY",
                  "imagen": "imagenes/hotel-1.jpg",
                  "direccion": "Xicheng, Beijing",
                  "coordenadas": { "lat": 39.9130, "lng": 116.3900 },
                  "servicios": ["WiFi"]
                }
              ]
            },
            {
              "name": "Hong Kong",
              "alojamientos": [
                {
                  "nombre": "Hotel Victoria Harbour",
                  "tipo": "hotel",
                  "rating": "Excelente",
                  "puntuacion": 9.1,
                  "valoraciones": 250,
                  "precio": 300,
                  "moneda": "HKD",
                  "imagen": "imagenes/hotel-2.jpg",
                  "direccion": "Tsim Sha Tsui, Hong Kong",
                  "coordenadas": { "lat": 22.3193, "lng": 114.1694 },
                  "servicios": ["WiFi", "Vistas al puerto"]
                },
                {
                  "nombre": "Hostal Kowloon",
                  "tipo": "hostal",
                  "rating": "Bueno",
                  "puntuacion": 7.0,
                  "valoraciones": 100,
                  "precio": 120,
                  "moneda": "HKD",
                  "imagen": "imagenes/hotel-3.jpg",
                  "direccion": "Nathan Road, Kowloon",
                  "coordenadas": { "lat": 22.3160, "lng": 114.1700 },
                  "servicios": ["WiFi"]
                }
              ]
            }
          ]
        },
        {
          "name": "Corea del Sur",
          "cities": [
            {
              "name": "Seúl",
              "alojamientos": [
                {
                  "nombre": "Hotel Gangnam",
                  "tipo": "hotel",
                  "rating": "Muy bueno",
                  "puntuacion": 8.7,
                  "valoraciones": 200,
                  "precio": 220,
                  "moneda": "KRW",
                  "imagen": "imagenes/hotel-4.jpg",
                  "direccion": "Gangnam-gu, Seúl",
                  "coordenadas": { "lat": 37.5665, "lng": 126.9780 },
                  "servicios": ["WiFi", "Restaurante"]
                },
                {
                  "nombre": "Hostal Bukchon",
                  "tipo": "hostal",
                  "rating": "Bueno",
                  "puntuacion": 7.3,
                  "valoraciones": 80,
                  "precio": 100,
                  "moneda": "KRW",
                  "imagen": "imagenes/hotel-5.jpg",
                  "direccion": "Bukchon Hanok Village, Seúl",
                  "coordenadas": { "lat": 37.5820, "lng": 126.9830 },
                  "servicios": ["WiFi"]
                }
              ]
            }
          ]
        },
        {
          "name": "India",
          "cities": [
            {
              "name": "Jaipur",
              "alojamientos": [
                {
                  "nombre": "Hotel Hawa Mahal",
                  "tipo": "hotel",
                  "rating": "Muy bueno",
                  "puntuacion": 8.5,
                  "valoraciones": 180,
                  "precio": 150,
                  "moneda": "INR",
                  "imagen": "imagenes/hotel-1.jpg",
                  "direccion": "Hawa Mahal Road, Jaipur",
                  "coordenadas": { "lat": 26.9124, "lng": 75.7873 },
                  "servicios": ["WiFi", "Desayuno incluido"]
                },
                {
                  "nombre": "Hostal Pink City",
                  "tipo": "hostal",
                  "rating": "Decente",
                  "puntuacion": 6.9,
                  "valoraciones": 70,
                  "precio": 80,
                  "moneda": "INR",
                  "imagen": "imagenes/hotel-2.jpg",
                  "direccion": "Old City, Jaipur",
                  "coordenadas": { "lat": 26.9150, "lng": 75.7850 },
                  "servicios": ["WiFi"]
                }
              ]
            }
          ]
        },
        {
          "name": "Japón",
          "cities": [
            {
              "name": "Kioto",
              "alojamientos": [
                {
                  "nombre": "Hotel Gion",
                  "tipo": "hotel",
                  "rating": "Excelente",
                  "puntuacion": 9.0,
                  "valoraciones": 220,
                  "precio": 260,
                  "moneda": "JPY",
                  "imagen": "imagenes/hotel-3.jpg",
                  "direccion": "Distrito Gion, Kioto",
                  "coordenadas": { "lat": 35.0116, "lng": 135.7681 },
                  "servicios": ["WiFi", "Restaurante"]
                },
                {
                  "nombre": "Hostal Arashiyama",
                  "tipo": "hostal",
                  "rating": "Bueno",
                  "puntuacion": 7.2,
                  "valoraciones": 90,
                  "precio": 100,
                  "moneda": "JPY",
                  "imagen": "imagenes/hotel-4.jpg",
                  "direccion": "Arashiyama, Kioto",
                  "coordenadas": { "lat": 35.0090, "lng": 135.6660 },
                  "servicios": ["WiFi"]
                }
              ]
            }
          ]
        },
        {
          "name": "Laos",
          "cities": [
            {
              "name": "Luang Prabang",
              "alojamientos": [
                {
                  "nombre": "Hotel Mekong View",
                  "tipo": "hotel",
                  "rating": "Muy bueno",
                  "puntuacion": 8.4,
                  "valoraciones": 95,
                  "precio": 140,
                  "moneda": "LAK",
                  "imagen": "imagenes/hotel-5.jpg",
                  "direccion": "Riverside, Luang Prabang",
                  "coordenadas": { "lat": 19.8841, "lng": 102.1416 },
                  "servicios": ["WiFi", "Desayuno incluido"]
                },
                {
                  "nombre": "Hostal Monje",
                  "tipo": "hostal",
                  "rating": "Decente",
                  "puntuacion": 6.9,
                  "valoraciones": 40,
                  "precio": 70,
                  "moneda": "LAK",
                  "imagen": "imagenes/hotel-1.jpg",
                  "direccion": "Old Quarter, Luang Prabang",
                  "coordenadas": { "lat": 19.8860, "lng": 102.1350 },
                  "servicios": ["WiFi"]
                }
              ]
            }
          ]
        },
        {
          "name": "Líbano",
          "cities": [
            {
              "name": "Beirut",
              "alojamientos": [
                {
                  "nombre": "Hotel Mediterráneo",
                  "tipo": "hotel",
                  "rating": "Muy bueno",
                  "puntuacion": 8.3,
                  "valoraciones": 120,
                  "precio": 180,
                  "moneda": "LBP",
                  "imagen": "imagenes/hotel-2.jpg",
                  "direccion": "Corniche, Beirut",
                  "coordenadas": { "lat": 33.8938, "lng": 35.5018 },
                  "servicios": ["WiFi", "Restaurante"]
                },
                {
                  "nombre": "Hostal Zoco",
                  "tipo": "hostal",
                  "rating": "Bueno",
                  "puntuacion": 7.0,
                  "valoraciones": 60,
                  "precio": 90,
                  "moneda": "LBP",
                  "imagen": "imagenes/hotel-3.jpg",
                  "direccion": "Souq, Beirut",
                  "coordenadas": { "lat": 33.8945, "lng": 35.5050 },
                  "servicios": ["WiFi"]
                }
              ]
            }
          ]
        },
        {
          "name": "Omán",
          "cities": [
            {
              "name": "Mascate",
              "alojamientos": [
                {
                  "nombre": "Hotel Golfo de Omán",
                  "tipo": "hotel",
                  "rating": "Muy bueno",
                  "puntuacion": 8.5,
                  "valoraciones": 140,
                  "precio": 200,
                  "moneda": "OMR",
                  "imagen": "imagenes/hotel-4.jpg",
                  "direccion": "Corniche, Mascate",
                  "coordenadas": { "lat": 23.5880, "lng": 58.3829 },
                  "servicios": ["WiFi", "Desayuno incluido"]
                },
                {
                  "nombre": "Hostal Zoco Mascate",
                  "tipo": "hostal",
                  "rating": "Decente",
                  "puntuacion": 6.8,
                  "valoraciones": 50,
                  "precio": 80,
                  "moneda": "OMR",
                  "imagen": "imagenes/hotel-5.jpg",
                  "direccion": "Old Souq, Mascate",
                  "coordenadas": { "lat": 23.5900, "lng": 58.3850 },
                  "servicios": ["WiFi"]
                }
              ]
            }
          ]
        },
        {
          "name": "Qatar",
          "cities": [
            {
              "name": "Doha",
              "alojamientos": [
                {
                  "nombre": "Hotel Corniche",
                  "tipo": "hotel",
                  "rating": "Excelente",
                  "puntuacion": 9.0,
                  "valoraciones": 200,
                  "precio": 250,
                  "moneda": "QAR",
                  "imagen": "imagenes/hotel-1.jpg",
                  "direccion": "Corniche, Doha",
                  "coordenadas": { "lat": 25.2854, "lng": 51.5310 },
                  "servicios": ["WiFi", "Restaurante"]
                },
                {
                  "nombre": "Hostal Souq Waqif",
                  "tipo": "hostal",
                  "rating": "Bueno",
                  "puntuacion": 7.2,
                  "valoraciones": 80,
                  "precio": 110,
                  "moneda": "QAR",
                  "imagen": "imagenes/hotel-2.jpg",
                  "direccion": "Souq Waqif, Doha",
                  "coordenadas": { "lat": 25.2870, "lng": 51.5330 },
                  "servicios": ["WiFi"]
                }
              ]
            }
          ]
        },
        {
          "name": "Tailandia",
          "cities": [
            {
              "name": "Chiang Mai",
              "alojamientos": [
                {
                  "nombre": "Hotel Doi Suthep",
                  "tipo": "hotel",
                  "rating": "Muy bueno",
                  "puntuacion": 8.6,
                  "valoraciones": 150,
                  "precio": 160,
                  "moneda": "THB",
                  "imagen": "imagenes/hotel-3.jpg",
                  "direccion": "Old City, Chiang Mai",
                  "coordenadas": { "lat": 18.7883, "lng": 98.9853 },
                  "servicios": ["WiFi", "Desayuno incluido"]
                },
                {
                  "nombre": "Hostal Night Bazaar",
                  "tipo": "hostal",
                  "rating": "Bueno",
                  "puntuacion": 7.1,
                  "valoraciones": 70,
                  "precio": 90,
                  "moneda": "THB",
                  "imagen": "imagenes/hotel-4.jpg",
                  "direccion": "Night Bazaar, Chiang Mai",
                  "coordenadas": { "lat": 18.7870, "lng": 98.9900 },
                  "servicios": ["WiFi"]
                }
              ]
            }
          ]
        },
        {
          "name": "Vietnam",
          "cities": [
            {
              "name": "Hanoi",
              "alojamientos": [
                {
                  "nombre": "Hotel Lago Hoan Kiem",
                  "tipo": "hotel",
                  "rating": "Muy bueno",
                  "puntuacion": 8.4,
                  "valoraciones": 130,
                  "precio": 150,
                  "moneda": "VND",
                  "imagen": "imagenes/hotel-5.jpg",
                  "direccion": "Hoan Kiem, Hanoi",
                  "coordenadas": { "lat": 21.0278, "lng": 105.8342 },
                  "servicios": ["WiFi", "Restaurante"]
                },
                {
                  "nombre": "Hostal Barrio Antiguo",
                  "tipo": "hostal",
                  "rating": "Decente",
                  "puntuacion": 6.9,
                  "valoraciones": 60,
                  "precio": 80,
                  "moneda": "VND",
                  "imagen": "imagenes/hotel-1.jpg",
                  "direccion": "Old Quarter, Hanoi",
                  "coordenadas": { "lat": 21.0300, "lng": 105.8350 },
                  "servicios": ["WiFi"]
                }
              ]
            }
          ]
        },
        {
          "name": "Singapur",
          "cities": [
            {
              "name": "Singapur",
              "alojamientos": [
                {
                  "nombre": "Hotel Marina Bay",
                  "tipo": "hotel",
                  "rating": "Excelente",
                  "puntuacion": 9.1,
                  "valoraciones": 300,
                  "precio": 280,
                  "moneda": "SGD",
                  "imagen": "imagenes/hotel-2.jpg",
                  "direccion": "Marina Bay, Singapur",
                  "coordenadas": { "lat": 1.2830, "lng": 103.8600 },
                  "servicios": ["WiFi", "Piscina", "Restaurante"]
                },
                {
                  "nombre": "Hostal Chinatown",
                  "tipo": "hostal",
                  "rating": "Bueno",
                  "puntuacion": 7.2,
                  "valoraciones": 100,
                  "precio": 90,
                  "moneda": "SGD",
                  "imagen": "imagenes/hotel-3.jpg",
                  "direccion": "Chinatown, Singapur",
                  "coordenadas": { "lat": 1.2840, "lng": 103.8430 },
                  "servicios": ["WiFi"]
                }
              ]
            }
          ]
        }
      ]
    },
    {
      "name": "África",
      "countries": [
        {
          "name": "Marruecos",
          "cities": [
            {
              "name": "Chefchaouen",
              "alojamientos": [
                {
                  "nombre": "Hotel Medina Azul",
                  "tipo": "hotel",
                  "rating": "Muy bueno",
                  "puntuacion": 8.5,
                  "valoraciones": 110,
                  "precio": 130,
                  "moneda": "MAD",
                  "imagen": "imagenes/hotel-4.jpg",
                  "direccion": "Medina, Chefchaouen",
                  "coordenadas": { "lat": 35.1680, "lng": -5.2697 },
                  "servicios": ["WiFi", "Desayuno incluido"]
                },
                {
                  "nombre": "Hostal Rif",
                  "tipo": "hostal",
                  "rating": "Decente",
                  "puntuacion": 6.9,
                  "valoraciones": 60,
                  "precio": 70,
                  "moneda": "MAD",
                  "imagen": "imagenes/hotel-5.jpg",
                  "direccion": "Barrio Azul, Chefchaouen",
                  "coordenadas": { "lat": 35.1700, "lng": -5.2650 },
                  "servicios": ["WiFi"]
                }
              ]
            }
          ]
        },
        {
          "name": "Sudáfrica",
          "cities": [
            {
              "name": "Ciudad del Cabo",
              "alojamientos": [
                {
                  "nombre": "Hotel Table Mountain",
                  "tipo": "hotel",
                  "rating": "Excelente",
                  "puntuacion": 9.0,
                  "valoraciones": 200,
                  "precio": 220,
                  "moneda": "ZAR",
                  "imagen": "imagenes/hotel-1.jpg",
                  "direccion": "Waterfront, Ciudad del Cabo",
                  "coordenadas": { "lat": -33.9249, "lng": 18.4241 },
                  "servicios": ["WiFi", "Restaurante"]
                },
                {
                  "nombre": "Hostal Bo-Kaap",
                  "tipo": "hostal",
                  "rating": "Bueno",
                  "puntuacion": 7.2,
                  "valoraciones": 80,
                  "precio": 100,
                  "moneda": "ZAR",
                  "imagen": "imagenes/hotel-2.jpg",
                  "direccion": "Bo-Kaap, Ciudad del Cabo",
                  "coordenadas": { "lat": -33.9255, "lng": 18.4170 },
                  "servicios": ["WiFi"]
                }
              ]
            }
          ]
        }
      ]
    },
    {
      "name": "Oceanía",
      "countries": [
        {
          "name": "Australia",
          "cities": [
            {
              "name": "Sídney",
              "alojamientos": [
                {
                  "nombre": "Hotel Opera House",
                  "tipo": "hotel",
                  "rating": "Excelente",
                  "puntuacion": 9.1,
                  "valoraciones": 250,
                  "precio": 300,
                  "moneda": "AUD",
                  "imagen": "imagenes/hotel-3.jpg",
                  "direccion": "Circular Quay, Sídney",
                  "coordenadas": { "lat": -33.8568, "lng": 151.2153 },
                  "servicios": ["WiFi", "Piscina", "Restaurante"]
                },
                {
                  "nombre": "Hostal Bondi",
                  "tipo": "hostal",
                  "rating": "Bueno",
                  "puntuacion": 7.3,
                  "valoraciones": 90,
                  "precio": 120,
                  "moneda": "AUD",
                  "imagen": "imagenes/hotel-4.jpg",
                  "direccion": "Bondi Beach, Sídney",
                  "coordenadas": { "lat": -33.8908, "lng": 151.2743 },
                  "servicios": ["WiFi"]
                }
              ]
            }
          ]
        },
        {
          "name": "Nueva Zelanda",
          "cities": [
            {
              "name": "Queenstown",
              "alojamientos": [
                {
                  "nombre": "Hotel Lago Wakatipu",
                  "tipo": "hotel",
                  "rating": "Muy bueno",
                  "puntuacion": 8.7,
                  "valoraciones": 140,
                  "precio": 180,
                  "moneda": "NZD",
                  "imagen": "imagenes/hotel-5.jpg",
                  "direccion": "Lago Wakatipu, Queenstown",
                  "coordenadas": { "lat": -45.0312, "lng": 168.6626 },
                  "servicios": ["WiFi", "Desayuno incluido"]
                },
                {
                  "nombre": "Hostal Remarkables",
                  "tipo": "hostal",
                  "rating": "Bueno",
                  "puntuacion": 7.0,
                  "valoraciones": 70,
                  "precio": 95,
                  "moneda": "NZD",
                  "imagen": "imagenes/hotel-1.jpg",
                  "direccion": "The Remarkables, Queenstown",
                  "coordenadas": { "lat": -45.0330, "lng": 168.6500 },
                  "servicios": ["WiFi"]
                }
              ]
            }
          ]
        }
      ]
    },
    {
      "name": "América del Norte",
      "countries": [
        {
          "name": "Canadá",
          "cities": [
            {
              "name": "Ciudad de Quebec",
              "alojamientos": [
                {
                  "nombre": "Hotel Viejo Quebec",
                  "tipo": "hotel",
                  "rating": "Muy bueno",
                  "puntuacion": 8.5,
                  "valoraciones": 120,
                  "precio": 190,
                  "moneda": "CAD",
                  "imagen": "imagenes/hotel-2.jpg",
                  "direccion": "Casco histórico, Quebec",
                  "coordenadas": { "lat": 46.8139, "lng": -71.2080 },
                  "servicios": ["WiFi", "Desayuno incluido"]
                },
                {
                  "nombre": "Hostal San Lorenzo",
                  "tipo": "hostal",
                  "rating": "Bueno",
                  "puntuacion": 7.2,
                  "valoraciones": 60,
                  "precio": 95,
                  "moneda": "CAD",
                  "imagen": "imagenes/hotel-3.jpg",
                  "direccion": "Barrio Petit Champlain, Quebec",
                  "coordenadas": { "lat": 46.8150, "lng": -71.2050 },
                  "servicios": ["WiFi"]
                }
              ]
            }
          ]
        },
        {
          "name": "Cuba",
          "cities": [
            {
              "name": "La Habana",
              "alojamientos": [
                {
                  "nombre": "Hotel Malecón",
                  "tipo": "hotel",
                  "rating": "Muy bueno",
                  "puntuacion": 8.4,
                  "valoraciones": 100,
                  "precio": 150,
                  "moneda": "CUP",
                  "imagen": "imagenes/hotel-4.jpg",
                  "direccion": "Malecón, La Habana",
                  "coordenadas": { "lat": 23.1136, "lng": -82.3666 },
                  "servicios": ["WiFi", "Restaurante"]
                },
                {
                  "nombre": "Hostal Vieja Habana",
                  "tipo": "hostal",
                  "rating": "Decente",
                  "puntuacion": 6.9,
                  "valoraciones": 50,
                  "precio": 80,
                  "moneda": "CUP",
                  "imagen": "imagenes/hotel-5.jpg",
                  "direccion": "Habana Vieja, La Habana",
                  "coordenadas": { "lat": 23.1150, "lng": -82.3640 },
                  "servicios": ["WiFi"]
                }
              ]
            }
          ]
        },
        {
          "name": "Estados Unidos",
          "cities": [
            {
              "name": "Nueva York",
              "alojamientos": [
                {
                  "nombre": "Hotel Central Park",
                  "tipo": "hotel",
                  "rating": "Excelente",
                  "puntuacion": 9.1,
                  "valoraciones": 300,
                  "precio": 280,
                  "moneda": "USD",
                  "imagen": "imagenes/hotel-1.jpg",
                  "direccion": "Manhattan, Nueva York",
                  "coordenadas": { "lat": 40.7128, "lng": -74.0060 },
                  "servicios": ["WiFi", "Restaurante"]
                },
                {
                  "nombre": "Hostal Brooklyn",
                  "tipo": "hostal",
                  "rating": "Bueno",
                  "puntuacion": 7.3,
                  "valoraciones": 90,
                  "precio": 120,
                  "moneda": "USD",
                  "imagen": "imagenes/hotel-2.jpg",
                  "direccion": "Brooklyn, Nueva York",
                  "coordenadas": { "lat": 40.6782, "lng": -73.9442 },
                  "servicios": ["WiFi"]
                }
              ]
            },
            {
              "name": "San Francisco",
              "alojamientos": [
                {
                  "nombre": "Hotel Golden Gate",
                  "tipo": "hotel",
                  "rating": "Muy bueno",
                  "puntuacion": 8.6,
                  "valoraciones": 150,
                  "precio": 220,
                  "moneda": "USD",
                  "imagen": "imagenes/hotel-3.jpg",
                  "direccion": "Golden Gate, San Francisco",
                  "coordenadas": { "lat": 37.7749, "lng": -122.4194 },
                  "servicios": ["WiFi", "Desayuno incluido"]
                },
                {
                  "nombre": "Hostal Fisherman",
                  "tipo": "hostal",
                  "rating": "Bueno",
                  "puntuacion": 7.0,
                  "valoraciones": 70,
                  "precio": 100,
                  "moneda": "USD",
                  "imagen": "imagenes/hotel-4.jpg",
                  "direccion": "Fisherman's Wharf, San Francisco",
                  "coordenadas": { "lat": 37.8080, "lng": -122.4177 },
                  "servicios": ["WiFi"]
                }
              ]
            }
          ]
        },
        {
          "name": "México",
          "cities": [
            {
              "name": "San Miguel de Allende",
              "alojamientos": [
                {
                  "nombre": "Hotel Parroquia",
                  "tipo": "hotel",
                  "rating": "Muy bueno",
                  "puntuacion": 8.5,
                  "valoraciones": 110,
                  "precio": 140,
                  "moneda": "MXN",
                  "imagen": "imagenes/hotel-5.jpg",
                  "direccion": "Centro histórico, San Miguel de Allende",
                  "coordenadas": { "lat": 20.9140, "lng": -100.7430 },
                  "servicios": ["WiFi", "Desayuno incluido"]
                },
                {
                  "nombre": "Hostal Colonial",
                  "tipo": "hostal",
                  "rating": "Bueno",
                  "puntuacion": 7.1,
                  "valoraciones": 60,
                  "precio": 90,
                  "moneda": "MXN",
                  "imagen": "imagenes/hotel-1.jpg",
                  "direccion": "Barrio Colonial, San Miguel de Allende",
                  "coordenadas": { "lat": 20.9150, "lng": -100.7400 },
                  "servicios": ["WiFi"]
                }
              ]
            }
          ]
        }
      ]
    },
    {
      "name": "América del Sur",
      "countries": [
        {
          "name": "Argentina",
          "cities": [
            {
              "name": "Buenos Aires",
              "alojamientos": [
                {
                  "nombre": "Hotel Obelisco",
                  "tipo": "hotel",
                  "rating": "Excelente",
                  "puntuacion": 9.0,
                  "valoraciones": 250,
                  "precio": 200,
                  "moneda": "ARS",
                  "imagen": "imagenes/hotel-2.jpg",
                  "direccion": "Avenida 9 de Julio, Buenos Aires",
                  "coordenadas": { "lat": -34.6037, "lng": -58.3816 },
                  "servicios": ["WiFi", "Restaurante"]
                },
                {
                  "nombre": "Hostal San Telmo",
                  "tipo": "hostal",
                  "rating": "Bueno",
                  "puntuacion": 7.2,
                  "valoraciones": 80,
                  "precio": 90,
                  "moneda": "ARS",
                  "imagen": "imagenes/hotel-3.jpg",
                  "direccion": "Barrio San Telmo, Buenos Aires",
                  "coordenadas": { "lat": -34.6210, "lng": -58.3730 },
                  "servicios": ["WiFi"]
                }
              ]
            }
          ]
        },
        {
          "name": "Brasil",
          "cities": [
            {
              "name": "Río de Janeiro",
              "alojamientos": [
                {
                  "nombre": "Hotel Copacabana",
                  "tipo": "hotel",
                  "rating": "Excelente",
                  "puntuacion": 9.1,
                  "valoraciones": 300,
                  "precio": 250,
                  "moneda": "BRL",
                  "imagen": "imagenes/hotel-4.jpg",
                  "direccion": "Copacabana, Río de Janeiro",
                  "coordenadas": { "lat": -22.9711, "lng": -43.1822 },
                  "servicios": ["WiFi", "Piscina", "Restaurante"]
                },
                {
                  "nombre": "Hostal Lapa",
                  "tipo": "hostal",
                  "rating": "Bueno",
                  "puntuacion": 7.3,
                  "valoraciones": 100,
                  "precio": 120,
                  "moneda": "BRL",
                  "imagen": "imagenes/hotel-5.jpg",
                  "direccion": "Barrio Lapa, Río de Janeiro",
                  "coordenadas": { "lat": -22.9122, "lng": -43.1790 },
                  "servicios": ["WiFi"]
                }
              ]
            }
          ]
        },
        {
          "name": "Colombia",
          "cities": [
            {
              "name": "Cartagena",
              "alojamientos": [
                {
                  "nombre": "Hotel Murallas",
                  "tipo": "hotel",
                  "rating": "Muy bueno",
                  "puntuacion": 8.4,
                  "valoraciones": 130,
                  "precio": 160,
                  "moneda": "COP",
                  "imagen": "imagenes/hotel-1.jpg",
                  "direccion": "Ciudad Amurallada, Cartagena",
                  "coordenadas": { "lat": 10.3910, "lng": -75.4794 },
                  "servicios": ["WiFi", "Restaurante"]
                },
                {
                  "nombre": "Hostal Getsemaní",
                  "tipo": "hostal",
                  "rating": "Bueno",
                  "puntuacion": 7.0,
                  "valoraciones": 60,
                  "precio": 90,
                  "moneda": "COP",
                  "imagen": "imagenes/hotel-2.jpg",
                  "direccion": "Barrio Getsemaní, Cartagena",
                  "coordenadas": { "lat": 10.4230, "lng": -75.5470 },
                  "servicios": ["WiFi"]
                }
              ]
            }
          ]
        },
        {
          "name": "Ecuador",
          "cities": [
            {
              "name": "Quito",
              "alojamientos": [
                {
                  "nombre": "Hotel Centro Histórico",
                  "tipo": "hotel",
                  "rating": "Muy bueno",
                  "puntuacion": 8.5,
                  "valoraciones": 100,
                  "precio": 140,
                  "moneda": "USD",
                  "imagen": "imagenes/hotel-3.jpg",
                  "direccion": "Casco Histórico, Quito",
                  "coordenadas": { "lat": -0.2200, "lng": -78.5120 },
                  "servicios": ["WiFi", "Desayuno incluido"]
                },
                {
                  "nombre": "Hostal El Panecillo",
                  "tipo": "hostal",
                  "rating": "Decente",
                  "puntuacion": 6.9,
                  "valoraciones": 50,
                  "precio": 70,
                  "moneda": "USD",
                  "imagen": "imagenes/hotel-4.jpg",
                  "direccion": "Cerca del Panecillo, Quito",
                  "coordenadas": { "lat": -0.2340, "lng": -78.5180 },
                  "servicios": ["WiFi"]
                }
              ]
            }
          ]
        },
        {
          "name": "Perú",
          "cities": [
            {
              "name": "Cuzco",
              "alojamientos": [
                {
                  "nombre": "Hotel Plaza de Armas",
                  "tipo": "hotel",
                  "rating": "Muy bueno",
                  "puntuacion": 8.6,
                  "valoraciones": 160,
                  "precio": 150,
                  "moneda": "PEN",
                  "imagen": "imagenes/hotel-5.jpg",
                  "direccion": "Plaza de Armas, Cuzco",
                  "coordenadas": { "lat": -13.5320, "lng": -71.9675 },
                  "servicios": ["WiFi", "Desayuno incluido"]
                },
                {
                  "nombre": "Hostal San Blas",
                  "tipo": "hostal",
                  "rating": "Bueno",
                  "puntuacion": 7.1,
                  "valoraciones": 70,
                  "precio": 80,
                  "moneda": "PEN",
                  "imagen": "imagenes/hotel-1.jpg",
                  "direccion": "Barrio San Blas, Cuzco",
                  "coordenadas": { "lat": -13.5280, "lng": -71.9630 },
                  "servicios": ["WiFi"]
                }
              ]
            }
          ]
        }
      ]
    }
  ]
}